<?xml version="1.0" encoding="UTF-8"?>
<office:document-meta xmlns:office="urn:oasis:names:tc:opendocument:xmlns:office:1.0" xmlns:xlink="http://www.w3.org/1999/xlink" xmlns:dc="http://purl.org/dc/elements/1.1/" xmlns:meta="urn:oasis:names:tc:opendocument:xmlns:meta:1.0" xmlns:ooo="http://openoffice.org/2004/office" xmlns:grddl="http://www.w3.org/2003/g/data-view#" office:version="1.2"><office:meta><meta:generator>LibreOffice/3.6$Windows_x86 LibreOffice_project/f969faf-c24b504-8c77064-174276e-40b382</meta:generator><meta:initial-creator>Kovalevsky</meta:initial-creator><meta:creation-date>2012-12-04T03:45:00Z</meta:creation-date><dc:date>2013-06-27T12:10:22.86</dc:date><meta:print-date>1900-12-31T18:00:00Z</meta:print-date><meta:editing-cycles>269</meta:editing-cycles><meta:editing-duration>P5DT14H1M10S</meta:editing-duration><meta:document-statistic meta:table-count="77" meta:image-count="0" meta:object-count="0" meta:page-count="16" meta:paragraph-count="764" meta:word-count="1738" meta:character-count="12698" meta:non-whitespace-character-count="10611"/><meta:template xlink:type="simple" xlink:actuate="onRequest" xlink:title="" xlink:href="Normal"/></office:meta></office:document-meta>