<?xml version="1.0" encoding="UTF-8"?>
<office:document-meta xmlns:office="urn:oasis:names:tc:opendocument:xmlns:office:1.0" xmlns:xlink="http://www.w3.org/1999/xlink" xmlns:dc="http://purl.org/dc/elements/1.1/" xmlns:meta="urn:oasis:names:tc:opendocument:xmlns:meta:1.0" xmlns:ooo="http://openoffice.org/2004/office" xmlns:grddl="http://www.w3.org/2003/g/data-view#" office:version="1.2"><office:meta><meta:generator>LibreOffice/4.1.0.4$Windows_x86 LibreOffice_project/89ea49ddacd9aa532507cbf852f2bb22b1ace28</meta:generator><meta:initial-creator>Kovalevsky</meta:initial-creator><meta:creation-date>2012-12-04T03:45:00Z</meta:creation-date><dc:date>2013-09-24T13:00:16.044000000</dc:date><meta:print-date>2013-08-26T16:31:45.721000000</meta:print-date><meta:editing-cycles>339</meta:editing-cycles><meta:editing-duration>P5DT22H47M49S</meta:editing-duration><meta:document-statistic meta:table-count="74" meta:image-count="0" meta:object-count="0" meta:page-count="15" meta:paragraph-count="741" meta:word-count="1577" meta:character-count="11110" meta:non-whitespace-character-count="9366"/><meta:template xlink:type="simple" xlink:actuate="onRequest" xlink:title="" xlink:href="../412_7_tbl.zip/Normal"/></office:meta></office:document-meta>