<?xml version="1.0" encoding="UTF-8"?>
<office:document-styles xmlns:office="urn:oasis:names:tc:opendocument:xmlns:office:1.0" xmlns:style="urn:oasis:names:tc:opendocument:xmlns:style:1.0" xmlns:text="urn:oasis:names:tc:opendocument:xmlns:text:1.0" xmlns:table="urn:oasis:names:tc:opendocument:xmlns:table:1.0" xmlns:draw="urn:oasis:names:tc:opendocument:xmlns:drawing:1.0" xmlns:fo="urn:oasis:names:tc:opendocument:xmlns:xsl-fo-compatible:1.0" xmlns:xlink="http://www.w3.org/1999/xlink" xmlns:dc="http://purl.org/dc/elements/1.1/" xmlns:meta="urn:oasis:names:tc:opendocument:xmlns:meta:1.0" xmlns:number="urn:oasis:names:tc:opendocument:xmlns:datastyle:1.0" xmlns:svg="urn:oasis:names:tc:opendocument:xmlns:svg-compatible:1.0" xmlns:chart="urn:oasis:names:tc:opendocument:xmlns:chart:1.0" xmlns:dr3d="urn:oasis:names:tc:opendocument:xmlns:dr3d:1.0" xmlns:math="http://www.w3.org/1998/Math/MathML" xmlns:form="urn:oasis:names:tc:opendocument:xmlns:form:1.0" xmlns:script="urn:oasis:names:tc:opendocument:xmlns:script:1.0" xmlns:ooo="http://openoffice.org/2004/office" xmlns:ooow="http://openoffice.org/2004/writer" xmlns:oooc="http://openoffice.org/2004/calc" xmlns:dom="http://www.w3.org/2001/xml-events" xmlns:rpt="http://openoffice.org/2005/report" xmlns:of="urn:oasis:names:tc:opendocument:xmlns:of:1.2" xmlns:xhtml="http://www.w3.org/1999/xhtml" xmlns:grddl="http://www.w3.org/2003/g/data-view#" xmlns:officeooo="http://openoffice.org/2009/office" xmlns:tableooo="http://openoffice.org/2009/table" xmlns:drawooo="http://openoffice.org/2010/draw" xmlns:calcext="urn:org:documentfoundation:names:experimental:calc:xmlns:calcext:1.0" xmlns:css3t="http://www.w3.org/TR/css3-text/"><office:font-face-decls><style:font-face style:name="Courier New" svg:font-family="&apos;Courier New&apos;" style:font-family-generic="modern" style:font-pitch="fixed"/><style:font-face style:name="Times New Roman" svg:font-family="&apos;Times New Roman&apos;" style:font-family-generic="roman" style:font-pitch="variable"/><style:font-face style:name="Times New Roman1" svg:font-family="&apos;Times New Roman&apos;" style:font-adornments="Курсив" style:font-family-generic="roman" style:font-pitch="variable"/><style:font-face style:name="Times New Roman CYR" svg:font-family="&apos;Times New Roman CYR&apos;" style:font-family-generic="roman" style:font-pitch="variable"/><style:font-face style:name="Arial" svg:font-family="Arial" style:font-family-generic="swiss" style:font-pitch="variable"/><style:font-face style:name="Tahoma" svg:font-family="Tahoma" style:font-family-generic="swiss" style:font-pitch="variable"/><style:font-face style:name="MS Mincho" svg:font-family="&apos;MS Mincho&apos;" style:font-family-generic="system" style:font-pitch="variable"/><style:font-face style:name="Tahoma1" svg:font-family="Tahoma" style:font-family-generic="system" style:font-pitch="variable"/></office:font-face-decls><office:styles><draw:stroke-dash draw:name="a2" draw:style="rect" draw:dots1="1" draw:dots1-length="0.106cm" draw:distance="0.106cm"/><draw:stroke-dash draw:name="a4" draw:style="rect" draw:dots1="1" draw:dots1-length="0.282cm" draw:distance="0.282cm"/><style:default-style style:family="graphic"><style:graphic-properties draw:stroke="solid" svg:stroke-width="0.071cm" svg:stroke-color="#385d8a" draw:fill-color="#4f81bd" fo:wrap-option="wrap" draw:shadow-offset-x="0.3cm" draw:shadow-offset-y="0.3cm" draw:start-line-spacing-horizontal="0.283cm" draw:start-line-spacing-vertical="0.283cm" draw:end-line-spacing-horizontal="0.283cm" draw:end-line-spacing-vertical="0.283cm" style:flow-with-text="true"/><style:paragraph-properties fo:line-height="100%" fo:text-align="start" style:text-autospace="ideograph-alpha" style:line-break="strict" style:writing-mode="lr-tb" style:font-independent-line-spacing="false"><style:tab-stops/></style:paragraph-properties><style:text-properties style:use-window-font-color="true" style:text-outline="false" style:text-line-through-style="none" style:text-position="0% 100%" fo:font-size="10pt" fo:letter-spacing="normal" fo:language="ru" fo:country="RU" fo:font-style="normal" style:text-underline-style="none" fo:font-weight="normal" style:letter-kerning="false" style:font-size-asian="10pt" style:language-asian="ru" style:country-asian="RU" style:font-style-asian="normal" style:font-weight-asian="normal" style:font-size-complex="10pt" style:language-complex="ar" style:country-complex="SA" style:font-style-complex="normal" style:font-weight-complex="normal" style:text-emphasize="none" style:text-scale="100%" style:font-relief="none"/></style:default-style><style:default-style style:family="paragraph"><style:paragraph-properties fo:line-height="100%" fo:text-align="start" style:justify-single-word="false" fo:keep-together="auto" fo:orphans="2" fo:widows="2" fo:hyphenation-ladder-count="no-limit" fo:break-before="auto" fo:break-after="auto" fo:background-color="transparent" fo:padding="0cm" fo:border="none" style:shadow="none" fo:keep-with-next="auto" text:number-lines="true" text:line-number="0" style:text-autospace="ideograph-alpha" style:punctuation-wrap="hanging" style:line-break="strict" style:tab-stop-distance="1.27cm" style:vertical-align="baseline" style:snap-to-layout-grid="true" style:writing-mode="lr-tb"><style:background-image/></style:paragraph-properties><style:text-properties fo:font-variant="normal" fo:text-transform="none" style:use-window-font-color="true" style:text-outline="false" style:text-line-through-style="none" style:text-position="0% 100%" style:font-name="Times New Roman" fo:font-size="10pt" fo:letter-spacing="normal" fo:language="ru" fo:country="RU" fo:font-style="normal" style:text-underline-style="none" fo:font-weight="normal" style:letter-kerning="false" fo:background-color="transparent" style:font-name-asian="Times New Roman" style:font-size-asian="10pt" style:language-asian="ru" style:country-asian="RU" style:font-style-asian="normal" style:font-weight-asian="normal" style:font-name-complex="Times New Roman" style:font-size-complex="10pt" style:language-complex="ar" style:country-complex="SA" style:font-style-complex="normal" style:font-weight-complex="normal" style:text-emphasize="none" style:text-combine="none" style:text-scale="100%" style:font-relief="none" fo:hyphenate="true" fo:hyphenation-remain-char-count="2" fo:hyphenation-push-char-count="2"/></style:default-style><style:default-style style:family="table"><style:table-properties table:border-model="collapsing"/></style:default-style><style:default-style style:family="table-row"><style:table-row-properties fo:keep-together="auto"/></style:default-style><style:style style:name="Standard" style:family="paragraph" style:class="text"/><style:style style:name="Heading" style:family="paragraph" style:parent-style-name="Standard" style:next-style-name="Text_20_body" style:class="text"><style:paragraph-properties fo:margin-top="0.423cm" fo:margin-bottom="0.212cm" style:contextual-spacing="false" fo:keep-with-next="always"/><style:text-properties style:font-name="Arial" fo:font-size="14pt" style:font-name-asian="MS Mincho" style:font-size-asian="14pt" style:font-name-complex="Tahoma1" style:font-size-complex="14pt"/></style:style><style:style style:name="Text_20_body" style:display-name="Text body" style:family="paragraph" style:parent-style-name="Standard" style:class="text"><style:paragraph-properties fo:margin-top="0cm" fo:margin-bottom="0.212cm" style:contextual-spacing="false"/></style:style><style:style style:name="List" style:family="paragraph" style:parent-style-name="Text_20_body" style:class="list"/><style:style style:name="Caption" style:family="paragraph" style:parent-style-name="Standard" style:class="extra"><style:paragraph-properties fo:margin-top="0.212cm" fo:margin-bottom="0.212cm" style:contextual-spacing="false" text:number-lines="false" text:line-number="0"/><style:text-properties fo:font-size="10pt" fo:font-style="italic" style:font-size-asian="10pt" style:font-style-asian="italic" style:font-size-complex="10pt" style:font-style-complex="italic"/></style:style><style:style style:name="Index" style:family="paragraph" style:parent-style-name="Standard" style:class="index"><style:paragraph-properties text:number-lines="false" text:line-number="0"/></style:style><style:style style:name="Обычный" style:family="paragraph"><style:paragraph-properties fo:hyphenation-ladder-count="no-limit"/><style:text-properties fo:hyphenate="false" fo:hyphenation-remain-char-count="2" fo:hyphenation-push-char-count="2"/></style:style><style:style style:name="Header" style:family="paragraph" style:parent-style-name="Обычный" style:class="extra"><style:paragraph-properties fo:hyphenation-ladder-count="no-limit"><style:tab-stops><style:tab-stop style:position="8.25cm" style:type="center"/><style:tab-stop style:position="16.501cm" style:type="right"/></style:tab-stops></style:paragraph-properties><style:text-properties fo:hyphenate="false" fo:hyphenation-remain-char-count="2" fo:hyphenation-push-char-count="2"/></style:style><style:style style:name="Footer" style:family="paragraph" style:parent-style-name="Обычный" style:class="extra"><style:paragraph-properties fo:hyphenation-ladder-count="no-limit"><style:tab-stops><style:tab-stop style:position="8.25cm" style:type="center"/><style:tab-stop style:position="16.501cm" style:type="right"/></style:tab-stops></style:paragraph-properties><style:text-properties fo:hyphenate="false" fo:hyphenation-remain-char-count="2" fo:hyphenation-push-char-count="2"/></style:style><style:style style:name="Текст_20_примечания" style:display-name="Текст примечания" style:family="paragraph" style:parent-style-name="Обычный"><style:paragraph-properties fo:hyphenation-ladder-count="no-limit"/><style:text-properties fo:hyphenate="false" fo:hyphenation-remain-char-count="2" fo:hyphenation-push-char-count="2"/></style:style><style:style style:name="Тема_20_примечания" style:display-name="Тема примечания" style:family="paragraph" style:parent-style-name="Текст_20_примечания" style:next-style-name="Текст_20_примечания"><style:paragraph-properties fo:hyphenation-ladder-count="no-limit"/><style:text-properties fo:font-weight="bold" style:font-weight-asian="bold" style:font-weight-complex="bold" fo:hyphenate="false" fo:hyphenation-remain-char-count="2" fo:hyphenation-push-char-count="2"/></style:style><style:style style:name="Текст_20_выноски" style:display-name="Текст выноски" style:family="paragraph" style:parent-style-name="Обычный"><style:paragraph-properties fo:hyphenation-ladder-count="no-limit"/><style:text-properties style:font-name="Tahoma" fo:font-size="8pt" style:font-size-asian="8pt" style:font-name-complex="Tahoma" style:font-size-complex="8pt" fo:hyphenate="false" fo:hyphenation-remain-char-count="2" fo:hyphenation-push-char-count="2"/></style:style><style:style style:name="Без_20_интервала" style:display-name="Без интервала" style:family="paragraph"><style:paragraph-properties fo:hyphenation-ladder-count="no-limit"/><style:text-properties fo:hyphenate="false" fo:hyphenation-remain-char-count="2" fo:hyphenation-push-char-count="2"/></style:style><style:style style:name="Table_20_Contents" style:display-name="Table Contents" style:family="paragraph" style:parent-style-name="Standard" style:class="extra"><style:paragraph-properties text:number-lines="false" text:line-number="0"/></style:style><style:style style:name="Frame_20_contents" style:display-name="Frame contents" style:family="paragraph" style:parent-style-name="Text_20_body" style:class="extra"/><style:style style:name="Heading_20_2" style:display-name="Heading 2" style:family="paragraph" style:parent-style-name="Heading" style:next-style-name="Text_20_body" style:default-outline-level="2" style:class="text"><style:text-properties fo:font-size="14pt" fo:font-style="italic" fo:font-weight="bold" style:font-size-asian="14pt" style:font-style-asian="italic" style:font-weight-asian="bold" style:font-size-complex="14pt" style:font-style-complex="italic" style:font-weight-complex="bold"/></style:style><style:style style:name="Table_20_Heading" style:display-name="Table Heading" style:family="paragraph" style:parent-style-name="Table_20_Contents" style:class="extra"><style:paragraph-properties fo:text-align="center" style:justify-single-word="false" text:number-lines="false" text:line-number="0"/><style:text-properties fo:font-weight="bold" style:font-weight-asian="bold" style:font-weight-complex="bold"/></style:style><style:style style:name="Ввод_20_кода" style:display-name="Ввод кода" style:family="paragraph" style:parent-style-name="Standard"><style:paragraph-properties fo:background-color="#c0c0c0"><style:background-image/></style:paragraph-properties></style:style><style:style style:name="Quotations" style:family="paragraph" style:parent-style-name="Standard" style:class="html"><style:paragraph-properties fo:margin-left="1cm" fo:margin-right="1cm" fo:margin-top="0cm" fo:margin-bottom="0.499cm" style:contextual-spacing="false" fo:text-indent="0cm" style:auto-text-indent="false"/></style:style><style:style style:name="Title" style:family="paragraph" style:parent-style-name="Heading" style:next-style-name="Text_20_body" style:class="chapter"><style:paragraph-properties fo:text-align="center" style:justify-single-word="false"/><style:text-properties fo:font-size="18pt" fo:font-weight="bold" style:font-size-asian="18pt" style:font-weight-asian="bold" style:font-size-complex="18pt" style:font-weight-complex="bold"/></style:style><style:style style:name="Subtitle" style:family="paragraph" style:parent-style-name="Heading" style:next-style-name="Text_20_body" style:class="chapter"><style:paragraph-properties fo:text-align="center" style:justify-single-word="false"/><style:text-properties fo:font-size="14pt" fo:font-style="italic" style:font-size-asian="14pt" style:font-style-asian="italic" style:font-size-complex="14pt" style:font-style-complex="italic"/></style:style><style:style style:name="Heading_20_1" style:display-name="Heading 1" style:family="paragraph" style:parent-style-name="Heading" style:next-style-name="Text_20_body" style:default-outline-level="1" style:class="text"><style:text-properties fo:font-size="115%" fo:font-weight="bold" style:font-size-asian="115%" style:font-weight-asian="bold" style:font-size-complex="115%" style:font-weight-complex="bold"/></style:style><style:style style:name="Heading_20_3" style:display-name="Heading 3" style:family="paragraph" style:parent-style-name="Heading" style:next-style-name="Text_20_body" style:default-outline-level="3" style:class="text"><style:text-properties fo:font-size="14pt" fo:font-weight="bold" style:font-size-asian="14pt" style:font-weight-asian="bold" style:font-size-complex="14pt" style:font-weight-complex="bold"/></style:style><style:style style:name="Основной_20_шрифт_20_абзаца" style:display-name="Основной шрифт абзаца" style:family="text"/><style:style style:name="Page_20_Number" style:display-name="Page Number" style:family="text" style:parent-style-name="Основной_20_шрифт_20_абзаца"/><style:style style:name="Знак_20_примечания" style:display-name="Знак примечания" style:family="text" style:parent-style-name="Основной_20_шрифт_20_абзаца"><style:text-properties fo:font-size="8pt" style:font-size-asian="8pt" style:font-size-complex="8pt"/></style:style><style:style style:name="Текст_20_примечания_20_Знак" style:display-name="Текст примечания Знак" style:family="text" style:parent-style-name="Основной_20_шрифт_20_абзаца"/><style:style style:name="Тема_20_примечания_20_Знак" style:display-name="Тема примечания Знак" style:family="text" style:parent-style-name="Текст_20_примечания_20_Знак"><style:text-properties fo:font-weight="bold" style:font-weight-asian="bold" style:font-weight-complex="bold"/></style:style><style:style style:name="Текст_20_выноски_20_Знак" style:display-name="Текст выноски Знак" style:family="text" style:parent-style-name="Основной_20_шрифт_20_абзаца"><style:text-properties style:font-name="Tahoma" fo:font-size="8pt" style:font-size-asian="8pt" style:font-name-complex="Tahoma" style:font-size-complex="8pt"/></style:style><style:style style:name="Гиперссылка" style:family="text" style:parent-style-name="Основной_20_шрифт_20_абзаца"><style:text-properties fo:color="#0000ff" style:text-underline-style="solid" style:text-underline-width="auto" style:text-underline-color="font-color" style:text-underline-mode="continuous" style:text-overline-mode="continuous" style:text-line-through-mode="continuous"/></style:style><style:style style:name="Замещающий_20_текст" style:display-name="Замещающий текст" style:family="text" style:parent-style-name="Основной_20_шрифт_20_абзаца"><style:text-properties fo:color="#808080"/></style:style><style:style style:name="WW_5f_CharLFO1LVL1" style:display-name="WW_CharLFO1LVL1" style:family="text"><style:text-properties fo:font-size="9pt" style:font-size-asian="9pt"/></style:style><style:style style:name="Internet_20_link" style:display-name="Internet link" style:family="text"><style:text-properties fo:color="#000080" fo:language="zxx" fo:country="none" style:text-underline-style="solid" style:text-underline-width="auto" style:text-underline-color="font-color" style:language-asian="zxx" style:country-asian="none" style:language-complex="zxx" style:country-complex="none"/></style:style><style:style style:name="User_20_Entry" style:display-name="User Entry" style:family="text"><style:text-properties fo:color="#000080" style:font-name="Times New Roman1" fo:font-style="normal" style:text-underline-style="none" style:font-name-asian="Courier New" style:font-name-complex="Courier New"/></style:style><style:style style:name="Ввод_20_кода" style:display-name="Ввод кода" style:family="text"><style:text-properties fo:background-color="#e6e6e6"/></style:style><style:style style:name="Numbering_20_Symbols" style:display-name="Numbering Symbols" style:family="text"/><style:style style:name="Graphics" style:family="graphic"/><style:style style:name="OLE" style:family="graphic"><style:graphic-properties text:anchor-type="paragraph" svg:x="0cm" svg:y="0cm" style:wrap="dynamic" style:number-wrapped-paragraphs="no-limit" style:wrap-contour="false" style:vertical-pos="top" style:vertical-rel="paragraph" style:horizontal-pos="center" style:horizontal-rel="paragraph"/></style:style><style:style style:name="Frame" style:family="graphic"><style:graphic-properties text:anchor-type="paragraph" svg:x="0cm" svg:y="0cm" fo:margin-left="0.201cm" fo:margin-right="0.201cm" fo:margin-top="0.201cm" fo:margin-bottom="0.201cm" style:wrap="parallel" style:number-wrapped-paragraphs="no-limit" style:wrap-contour="false" style:vertical-pos="top" style:vertical-rel="paragraph-content" style:horizontal-pos="center" style:horizontal-rel="paragraph-content" fo:padding="0.15cm" fo:border="0.06pt solid #000000"/></style:style><text:outline-style style:name="Outline"><text:outline-level-style text:level="1" style:num-format=""><style:list-level-properties text:list-level-position-and-space-mode="label-alignment"><style:list-level-label-alignment text:label-followed-by="listtab" text:list-tab-stop-position="0.762cm" fo:text-indent="-0.762cm" fo:margin-left="0.762cm"/></style:list-level-properties></text:outline-level-style><text:outline-level-style text:level="2" style:num-format=""><style:list-level-properties text:list-level-position-and-space-mode="label-alignment"><style:list-level-label-alignment text:label-followed-by="listtab" text:list-tab-stop-position="1.016cm" fo:text-indent="-1.016cm" fo:margin-left="1.016cm"/></style:list-level-properties></text:outline-level-style><text:outline-level-style text:level="3" style:num-format=""><style:list-level-properties text:list-level-position-and-space-mode="label-alignment"><style:list-level-label-alignment text:label-followed-by="listtab" text:list-tab-stop-position="1.27cm" fo:text-indent="-1.27cm" fo:margin-left="1.27cm"/></style:list-level-properties></text:outline-level-style><text:outline-level-style text:level="4" style:num-format=""><style:list-level-properties text:list-level-position-and-space-mode="label-alignment"><style:list-level-label-alignment text:label-followed-by="listtab" text:list-tab-stop-position="1.524cm" fo:text-indent="-1.524cm" fo:margin-left="1.524cm"/></style:list-level-properties></text:outline-level-style><text:outline-level-style text:level="5" style:num-format=""><style:list-level-properties text:list-level-position-and-space-mode="label-alignment"><style:list-level-label-alignment text:label-followed-by="listtab" text:list-tab-stop-position="1.778cm" fo:text-indent="-1.778cm" fo:margin-left="1.778cm"/></style:list-level-properties></text:outline-level-style><text:outline-level-style text:level="6" style:num-format=""><style:list-level-properties text:list-level-position-and-space-mode="label-alignment"><style:list-level-label-alignment text:label-followed-by="listtab" text:list-tab-stop-position="2.032cm" fo:text-indent="-2.032cm" fo:margin-left="2.032cm"/></style:list-level-properties></text:outline-level-style><text:outline-level-style text:level="7" style:num-format=""><style:list-level-properties text:list-level-position-and-space-mode="label-alignment"><style:list-level-label-alignment text:label-followed-by="listtab" text:list-tab-stop-position="2.286cm" fo:text-indent="-2.286cm" fo:margin-left="2.286cm"/></style:list-level-properties></text:outline-level-style><text:outline-level-style text:level="8" style:num-format=""><style:list-level-properties text:list-level-position-and-space-mode="label-alignment"><style:list-level-label-alignment text:label-followed-by="listtab" text:list-tab-stop-position="2.54cm" fo:text-indent="-2.54cm" fo:margin-left="2.54cm"/></style:list-level-properties></text:outline-level-style><text:outline-level-style text:level="9" style:num-format=""><style:list-level-properties text:list-level-position-and-space-mode="label-alignment"><style:list-level-label-alignment text:label-followed-by="listtab" text:list-tab-stop-position="2.794cm" fo:text-indent="-2.794cm" fo:margin-left="2.794cm"/></style:list-level-properties></text:outline-level-style><text:outline-level-style text:level="10" style:num-format=""><style:list-level-properties text:list-level-position-and-space-mode="label-alignment"><style:list-level-label-alignment text:label-followed-by="listtab" text:list-tab-stop-position="3.048cm" fo:text-indent="-3.048cm" fo:margin-left="3.048cm"/></style:list-level-properties></text:outline-level-style></text:outline-style><text:list-style style:name="Numbering_20_1" style:display-name="Numbering 1"><text:list-level-style-number text:level="1" text:style-name="Numbering_20_Symbols" style:num-suffix="." style:num-format="1"><style:list-level-properties text:list-level-position-and-space-mode="label-alignment"><style:list-level-label-alignment text:label-followed-by="listtab" text:list-tab-stop-position="0.499cm" fo:text-indent="-0.499cm" fo:margin-left="0.499cm"/></style:list-level-properties></text:list-level-style-number><text:list-level-style-number text:level="2" text:style-name="Numbering_20_Symbols" style:num-suffix="." style:num-format="1"><style:list-level-properties text:list-level-position-and-space-mode="label-alignment"><style:list-level-label-alignment text:label-followed-by="listtab" text:list-tab-stop-position="1cm" fo:text-indent="-0.499cm" fo:margin-left="1cm"/></style:list-level-properties></text:list-level-style-number><text:list-level-style-number text:level="3" text:style-name="Numbering_20_Symbols" style:num-suffix="." style:num-format="1"><style:list-level-properties text:list-level-position-and-space-mode="label-alignment"><style:list-level-label-alignment text:label-followed-by="listtab" text:list-tab-stop-position="1.499cm" fo:text-indent="-0.499cm" fo:margin-left="1.499cm"/></style:list-level-properties></text:list-level-style-number><text:list-level-style-number text:level="4" text:style-name="Numbering_20_Symbols" style:num-suffix="." style:num-format="1"><style:list-level-properties text:list-level-position-and-space-mode="label-alignment"><style:list-level-label-alignment text:label-followed-by="listtab" text:list-tab-stop-position="2cm" fo:text-indent="-0.499cm" fo:margin-left="2cm"/></style:list-level-properties></text:list-level-style-number><text:list-level-style-number text:level="5" text:style-name="Numbering_20_Symbols" style:num-suffix="." style:num-format="1"><style:list-level-properties text:list-level-position-and-space-mode="label-alignment"><style:list-level-label-alignment text:label-followed-by="listtab" text:list-tab-stop-position="2.499cm" fo:text-indent="-0.499cm" fo:margin-left="2.499cm"/></style:list-level-properties></text:list-level-style-number><text:list-level-style-number text:level="6" text:style-name="Numbering_20_Symbols" style:num-suffix="." style:num-format="1"><style:list-level-properties text:list-level-position-and-space-mode="label-alignment"><style:list-level-label-alignment text:label-followed-by="listtab" text:list-tab-stop-position="3cm" fo:text-indent="-0.499cm" fo:margin-left="3cm"/></style:list-level-properties></text:list-level-style-number><text:list-level-style-number text:level="7" text:style-name="Numbering_20_Symbols" style:num-suffix="." style:num-format="1"><style:list-level-properties text:list-level-position-and-space-mode="label-alignment"><style:list-level-label-alignment text:label-followed-by="listtab" text:list-tab-stop-position="3.5cm" fo:text-indent="-0.499cm" fo:margin-left="3.5cm"/></style:list-level-properties></text:list-level-style-number><text:list-level-style-number text:level="8" text:style-name="Numbering_20_Symbols" style:num-suffix="." style:num-format="1"><style:list-level-properties text:list-level-position-and-space-mode="label-alignment"><style:list-level-label-alignment text:label-followed-by="listtab" text:list-tab-stop-position="4.001cm" fo:text-indent="-0.499cm" fo:margin-left="4.001cm"/></style:list-level-properties></text:list-level-style-number><text:list-level-style-number text:level="9" text:style-name="Numbering_20_Symbols" style:num-suffix="." style:num-format="1"><style:list-level-properties text:list-level-position-and-space-mode="label-alignment"><style:list-level-label-alignment text:label-followed-by="listtab" text:list-tab-stop-position="4.5cm" fo:text-indent="-0.499cm" fo:margin-left="4.5cm"/></style:list-level-properties></text:list-level-style-number><text:list-level-style-number text:level="10" text:style-name="Numbering_20_Symbols" style:num-suffix="." style:num-format="1"><style:list-level-properties text:list-level-position-and-space-mode="label-alignment"><style:list-level-label-alignment text:label-followed-by="listtab" text:list-tab-stop-position="5.001cm" fo:text-indent="-0.499cm" fo:margin-left="5.001cm"/></style:list-level-properties></text:list-level-style-number></text:list-style><text:notes-configuration text:note-class="footnote" style:num-format="1" text:start-value="0" text:footnotes-position="page" text:start-numbering-at="document"/><text:notes-configuration text:note-class="endnote" style:num-format="i" text:start-value="0"/><text:linenumbering-configuration text:number-lines="false" text:offset="0.499cm" style:num-format="1" text:number-position="left" text:increment="5"/></office:styles><office:automatic-styles><style:style style:name="Таблица1" style:family="table"><style:table-properties style:width="17.02cm" fo:margin-left="0cm" table:align="left" table:border-model="collapsing"/></style:style><style:style style:name="Таблица1.A" style:family="table-column"><style:table-column-properties style:column-width="13.843cm"/></style:style><style:style style:name="Таблица1.B" style:family="table-column"><style:table-column-properties style:column-width="3.177cm"/></style:style><style:style style:name="Таблица1.1" style:family="table-row"><style:table-row-properties style:min-row-height="0.667cm"/></style:style><style:style style:name="Таблица1.A1" style:family="table-cell"><style:table-cell-properties fo:padding="0cm" fo:border="none"/></style:style><style:style style:name="Таблица1.B1" style:family="table-cell"><style:table-cell-properties style:border-line-width-left="0.028cm 0.028cm 0.028cm" style:border-line-width-right="0.028cm 0.028cm 0.028cm" style:border-line-width-top="0.028cm 0.028cm 0.028cm" fo:padding="0cm" fo:border-left="2.4pt double #000000" fo:border-right="2.4pt double #000000" fo:border-top="2.4pt double #000000" fo:border-bottom="none"/></style:style><style:style style:name="Таблица1.2" style:family="table-row"><style:table-row-properties style:min-row-height="0.603cm"/></style:style><style:style style:name="Таблица1.A2" style:family="table-cell"><style:table-cell-properties style:vertical-align="middle" style:border-line-width-left="0.028cm 0.028cm 0.028cm" style:border-line-width-right="0.028cm 0.028cm 0.028cm" style:border-line-width-top="0.028cm 0.028cm 0.028cm" fo:padding="0cm" fo:border-left="2.4pt double #000000" fo:border-right="2.4pt double #000000" fo:border-top="2.4pt double #000000" fo:border-bottom="0.05pt solid #000000"/></style:style><style:style style:name="Таблица1.3" style:family="table-row"><style:table-row-properties style:min-row-height="0.568cm"/></style:style><style:style style:name="Таблица1.A3" style:family="table-cell"><style:table-cell-properties style:border-line-width-left="0.028cm 0.028cm 0.028cm" style:border-line-width-right="0.028cm 0.028cm 0.028cm" style:border-line-width-bottom="0.028cm 0.028cm 0.028cm" fo:padding="0cm" fo:border-left="2.4pt double #000000" fo:border-right="2.4pt double #000000" fo:border-top="none" fo:border-bottom="2.4pt double #000000"/></style:style><style:style style:name="Таблица2" style:family="table"><style:table-properties style:width="17.032cm" fo:margin-left="-0.014cm" table:align="left"/></style:style><style:style style:name="Таблица2.A" style:family="table-column"><style:table-column-properties style:column-width="11.638cm"/></style:style><style:style style:name="Таблица2.B" style:family="table-column"><style:table-column-properties style:column-width="5.394cm"/></style:style><style:style style:name="Таблица2.1" style:family="table-row"><style:table-row-properties style:min-row-height="0.667cm"/></style:style><style:style style:name="Таблица2.A1" style:family="table-cell"><style:table-cell-properties fo:padding-left="0.018cm" fo:padding-right="0.018cm" fo:padding-top="0cm" fo:padding-bottom="0cm" fo:border="none"/></style:style><style:style style:name="Таблица2.B1" style:family="table-cell"><style:table-cell-properties style:vertical-align="middle" style:border-line-width="0.018cm 0.018cm 0.018cm" fo:padding-left="0.191cm" fo:padding-right="0.191cm" fo:padding-top="0cm" fo:padding-bottom="0cm" fo:border="1.5pt double #000000"/></style:style><style:style style:name="Таблица2.2" style:family="table-row"><style:table-row-properties style:min-row-height="0.603cm"/></style:style><style:style style:name="Таблица2.A2" style:family="table-cell"><style:table-cell-properties style:vertical-align="middle" style:border-line-width-left="0.018cm 0.018cm 0.018cm" style:border-line-width-right="0.018cm 0.018cm 0.018cm" style:border-line-width-top="0.018cm 0.018cm 0.018cm" fo:padding-left="0.191cm" fo:padding-right="0.191cm" fo:padding-top="0cm" fo:padding-bottom="0cm" fo:border-left="1.5pt double #000000" fo:border-right="1.5pt double #000000" fo:border-top="1.5pt double #000000" fo:border-bottom="0.5pt solid #000000"/></style:style><style:style style:name="Таблица2.3" style:family="table-row"><style:table-row-properties style:min-row-height="0.568cm"/></style:style><style:style style:name="Таблица2.A3" style:family="table-cell"><style:table-cell-properties style:vertical-align="middle" style:border-line-width-left="0.018cm 0.018cm 0.018cm" style:border-line-width-right="0.018cm 0.018cm 0.018cm" style:border-line-width-bottom="0.018cm 0.018cm 0.018cm" fo:padding-left="0.191cm" fo:padding-right="0.191cm" fo:padding-top="0cm" fo:padding-bottom="0cm" fo:border-left="1.5pt double #000000" fo:border-right="1.5pt double #000000" fo:border-top="0.5pt solid #000000" fo:border-bottom="1.5pt double #000000"/></style:style><style:style style:name="Таблица3" style:family="table"><style:table-properties style:width="17.032cm" fo:margin-left="-0.014cm" table:align="left"/></style:style><style:style style:name="Таблица3.A" style:family="table-column"><style:table-column-properties style:column-width="13.908cm"/></style:style><style:style style:name="Таблица3.B" style:family="table-column"><style:table-column-properties style:column-width="3.124cm"/></style:style><style:style style:name="Таблица3.1" style:family="table-row"><style:table-row-properties style:min-row-height="0.667cm"/></style:style><style:style style:name="Таблица3.A1" style:family="table-cell"><style:table-cell-properties fo:padding-left="0.018cm" fo:padding-right="0.018cm" fo:padding-top="0cm" fo:padding-bottom="0cm" fo:border="none"/></style:style><style:style style:name="Таблица3.B1" style:family="table-cell"><style:table-cell-properties style:border-line-width="0.018cm 0.018cm 0.018cm" fo:padding-left="0.191cm" fo:padding-right="0.191cm" fo:padding-top="0cm" fo:padding-bottom="0cm" fo:border="1.5pt double #000000"/></style:style><style:style style:name="Таблица3.2" style:family="table-row"><style:table-row-properties style:min-row-height="0.603cm"/></style:style><style:style style:name="Таблица3.A2" style:family="table-cell"><style:table-cell-properties style:vertical-align="middle" style:border-line-width-left="0.018cm 0.018cm 0.018cm" style:border-line-width-right="0.018cm 0.018cm 0.018cm" style:border-line-width-top="0.018cm 0.018cm 0.018cm" fo:padding-left="0.191cm" fo:padding-right="0.191cm" fo:padding-top="0cm" fo:padding-bottom="0cm" fo:border-left="1.5pt double #000000" fo:border-right="1.5pt double #000000" fo:border-top="1.5pt double #000000" fo:border-bottom="0.5pt solid #000000"/></style:style><style:style style:name="Таблица3.3" style:family="table-row"><style:table-row-properties style:min-row-height="0.568cm"/></style:style><style:style style:name="Таблица3.A3" style:family="table-cell"><style:table-cell-properties style:vertical-align="middle" style:border-line-width-left="0.018cm 0.018cm 0.018cm" style:border-line-width-right="0.018cm 0.018cm 0.018cm" style:border-line-width-bottom="0.018cm 0.018cm 0.018cm" fo:padding-left="0.191cm" fo:padding-right="0.191cm" fo:padding-top="0cm" fo:padding-bottom="0cm" fo:border-left="1.5pt double #000000" fo:border-right="1.5pt double #000000" fo:border-top="0.5pt solid #000000" fo:border-bottom="1.5pt double #000000"/></style:style><style:style style:name="Таблица4" style:family="table"><style:table-properties style:width="17.016cm" fo:margin-left="0.021cm" table:align="left"/></style:style><style:style style:name="Таблица4.A" style:family="table-column"><style:table-column-properties style:column-width="13.873cm"/></style:style><style:style style:name="Таблица4.B" style:family="table-column"><style:table-column-properties style:column-width="3.143cm"/></style:style><style:style style:name="Таблица4.1" style:family="table-row"><style:table-row-properties style:min-row-height="0.667cm"/></style:style><style:style style:name="Таблица4.A1" style:family="table-cell"><style:table-cell-properties fo:padding-left="0.018cm" fo:padding-right="0.018cm" fo:padding-top="0cm" fo:padding-bottom="0cm" fo:border="none"/></style:style><style:style style:name="Таблица4.B1" style:family="table-cell"><style:table-cell-properties style:border-line-width="0.018cm 0.018cm 0.018cm" fo:padding-left="0.191cm" fo:padding-right="0.191cm" fo:padding-top="0cm" fo:padding-bottom="0cm" fo:border="1.5pt double #000000"/></style:style><style:style style:name="Таблица4.2" style:family="table-row"><style:table-row-properties style:min-row-height="0.603cm"/></style:style><style:style style:name="Таблица4.A2" style:family="table-cell"><style:table-cell-properties style:vertical-align="middle" style:border-line-width-left="0.018cm 0.018cm 0.018cm" style:border-line-width-right="0.018cm 0.018cm 0.018cm" style:border-line-width-top="0.018cm 0.018cm 0.018cm" fo:padding-left="0.191cm" fo:padding-right="0.191cm" fo:padding-top="0cm" fo:padding-bottom="0cm" fo:border-left="1.5pt double #000000" fo:border-right="1.5pt double #000000" fo:border-top="1.5pt double #000000" fo:border-bottom="0.5pt solid #000000"/></style:style><style:style style:name="Таблица4.3" style:family="table-row"><style:table-row-properties style:min-row-height="0.568cm"/></style:style><style:style style:name="Таблица4.A3" style:family="table-cell"><style:table-cell-properties style:vertical-align="middle" style:border-line-width-left="0.018cm 0.018cm 0.018cm" style:border-line-width-right="0.018cm 0.018cm 0.018cm" style:border-line-width-bottom="0.018cm 0.018cm 0.018cm" fo:padding-left="0.191cm" fo:padding-right="0.191cm" fo:padding-top="0cm" fo:padding-bottom="0cm" fo:border-left="1.5pt double #000000" fo:border-right="1.5pt double #000000" fo:border-top="0.5pt solid #000000" fo:border-bottom="1.5pt double #000000"/></style:style><style:style style:name="Таблица5" style:family="table"><style:table-properties style:width="17.018cm" fo:margin-left="0cm" table:align="left"/></style:style><style:style style:name="Таблица5.A" style:family="table-column"><style:table-column-properties style:column-width="13.899cm"/></style:style><style:style style:name="Таблица5.B" style:family="table-column"><style:table-column-properties style:column-width="3.119cm"/></style:style><style:style style:name="Таблица5.1" style:family="table-row"><style:table-row-properties style:min-row-height="0.667cm"/></style:style><style:style style:name="Таблица5.A1" style:family="table-cell"><style:table-cell-properties fo:padding-left="0.018cm" fo:padding-right="0.018cm" fo:padding-top="0cm" fo:padding-bottom="0cm" fo:border="none"/></style:style><style:style style:name="Таблица5.B1" style:family="table-cell"><style:table-cell-properties style:border-line-width="0.018cm 0.018cm 0.018cm" fo:padding-left="0.191cm" fo:padding-right="0.191cm" fo:padding-top="0cm" fo:padding-bottom="0cm" fo:border="1.5pt double #000000"/></style:style><style:style style:name="Таблица5.2" style:family="table-row"><style:table-row-properties style:min-row-height="0.603cm"/></style:style><style:style style:name="Таблица5.A2" style:family="table-cell"><style:table-cell-properties style:vertical-align="middle" style:border-line-width-left="0.018cm 0.018cm 0.018cm" style:border-line-width-right="0.018cm 0.018cm 0.018cm" style:border-line-width-top="0.018cm 0.018cm 0.018cm" fo:padding-left="0.191cm" fo:padding-right="0.191cm" fo:padding-top="0cm" fo:padding-bottom="0cm" fo:border-left="1.5pt double #000000" fo:border-right="1.5pt double #000000" fo:border-top="1.5pt double #000000" fo:border-bottom="0.5pt solid #000000"/></style:style><style:style style:name="Таблица5.3" style:family="table-row"><style:table-row-properties style:min-row-height="0.568cm"/></style:style><style:style style:name="Таблица5.A3" style:family="table-cell"><style:table-cell-properties style:vertical-align="middle" style:border-line-width-left="0.018cm 0.018cm 0.018cm" style:border-line-width-right="0.018cm 0.018cm 0.018cm" style:border-line-width-bottom="0.018cm 0.018cm 0.018cm" fo:padding-left="0.191cm" fo:padding-right="0.191cm" fo:padding-top="0cm" fo:padding-bottom="0cm" fo:border-left="1.5pt double #000000" fo:border-right="1.5pt double #000000" fo:border-top="0.5pt solid #000000" fo:border-bottom="1.5pt double #000000"/></style:style><style:style style:name="Таблица6" style:family="table"><style:table-properties style:width="17.032cm" fo:margin-left="-0.014cm" table:align="left"/></style:style><style:style style:name="Таблица6.A" style:family="table-column"><style:table-column-properties style:column-width="13.908cm"/></style:style><style:style style:name="Таблица6.B" style:family="table-column"><style:table-column-properties style:column-width="3.124cm"/></style:style><style:style style:name="Таблица6.1" style:family="table-row"><style:table-row-properties style:min-row-height="0.667cm"/></style:style><style:style style:name="Таблица6.A1" style:family="table-cell"><style:table-cell-properties fo:padding-left="0.018cm" fo:padding-right="0.018cm" fo:padding-top="0cm" fo:padding-bottom="0cm" fo:border="none"/></style:style><style:style style:name="Таблица6.B1" style:family="table-cell"><style:table-cell-properties style:border-line-width="0.018cm 0.018cm 0.018cm" fo:padding-left="0.191cm" fo:padding-right="0.191cm" fo:padding-top="0cm" fo:padding-bottom="0cm" fo:border="1.5pt double #000000"/></style:style><style:style style:name="Таблица6.2" style:family="table-row"><style:table-row-properties style:min-row-height="0.603cm"/></style:style><style:style style:name="Таблица6.A2" style:family="table-cell"><style:table-cell-properties style:vertical-align="middle" style:border-line-width-left="0.018cm 0.018cm 0.018cm" style:border-line-width-right="0.018cm 0.018cm 0.018cm" style:border-line-width-top="0.018cm 0.018cm 0.018cm" fo:padding-left="0.191cm" fo:padding-right="0.191cm" fo:padding-top="0cm" fo:padding-bottom="0cm" fo:border-left="1.5pt double #000000" fo:border-right="1.5pt double #000000" fo:border-top="1.5pt double #000000" fo:border-bottom="0.5pt solid #000000"/></style:style><style:style style:name="Таблица6.3" style:family="table-row"><style:table-row-properties style:min-row-height="0.568cm"/></style:style><style:style style:name="Таблица6.A3" style:family="table-cell"><style:table-cell-properties style:vertical-align="middle" style:border-line-width-left="0.018cm 0.018cm 0.018cm" style:border-line-width-right="0.018cm 0.018cm 0.018cm" style:border-line-width-bottom="0.018cm 0.018cm 0.018cm" fo:padding-left="0.191cm" fo:padding-right="0.191cm" fo:padding-top="0cm" fo:padding-bottom="0cm" fo:border-left="1.5pt double #000000" fo:border-right="1.5pt double #000000" fo:border-top="0.5pt solid #000000" fo:border-bottom="1.5pt double #000000"/></style:style><style:style style:name="Таблица7" style:family="table"><style:table-properties style:width="17.02cm" fo:margin-left="0cm" table:align="left"/></style:style><style:style style:name="Таблица7.A" style:family="table-column"><style:table-column-properties style:column-width="13.899cm"/></style:style><style:style style:name="Таблица7.B" style:family="table-column"><style:table-column-properties style:column-width="3.12cm"/></style:style><style:style style:name="Таблица7.1" style:family="table-row"><style:table-row-properties style:min-row-height="0.667cm"/></style:style><style:style style:name="Таблица7.A1" style:family="table-cell"><style:table-cell-properties fo:padding-left="0.018cm" fo:padding-right="0.018cm" fo:padding-top="0cm" fo:padding-bottom="0cm" fo:border="none"/></style:style><style:style style:name="Таблица7.B1" style:family="table-cell"><style:table-cell-properties style:border-line-width="0.018cm 0.018cm 0.018cm" fo:padding-left="0.191cm" fo:padding-right="0.191cm" fo:padding-top="0cm" fo:padding-bottom="0cm" fo:border="1.5pt double #000000"/></style:style><style:style style:name="Таблица7.2" style:family="table-row"><style:table-row-properties style:min-row-height="0.603cm"/></style:style><style:style style:name="Таблица7.A2" style:family="table-cell"><style:table-cell-properties style:vertical-align="middle" style:border-line-width-left="0.018cm 0.018cm 0.018cm" style:border-line-width-right="0.018cm 0.018cm 0.018cm" style:border-line-width-top="0.018cm 0.018cm 0.018cm" fo:padding-left="0.191cm" fo:padding-right="0.191cm" fo:padding-top="0cm" fo:padding-bottom="0cm" fo:border-left="1.5pt double #000000" fo:border-right="1.5pt double #000000" fo:border-top="1.5pt double #000000" fo:border-bottom="0.5pt solid #000000"/></style:style><style:style style:name="Таблица7.3" style:family="table-row"><style:table-row-properties style:min-row-height="0.568cm"/></style:style><style:style style:name="Таблица7.A3" style:family="table-cell"><style:table-cell-properties style:vertical-align="middle" style:border-line-width-left="0.018cm 0.018cm 0.018cm" style:border-line-width-right="0.018cm 0.018cm 0.018cm" style:border-line-width-bottom="0.018cm 0.018cm 0.018cm" fo:padding-left="0.191cm" fo:padding-right="0.191cm" fo:padding-top="0cm" fo:padding-bottom="0cm" fo:border-left="1.5pt double #000000" fo:border-right="1.5pt double #000000" fo:border-top="0.5pt solid #000000" fo:border-bottom="1.5pt double #000000"/></style:style><style:style style:name="Таблица46" style:family="table"><style:table-properties style:width="17.02cm" fo:margin-left="0cm" table:align="left"/></style:style><style:style style:name="Таблица46.A" style:family="table-column"><style:table-column-properties style:column-width="13.899cm"/></style:style><style:style style:name="Таблица46.B" style:family="table-column"><style:table-column-properties style:column-width="3.12cm"/></style:style><style:style style:name="Таблица46.1" style:family="table-row"><style:table-row-properties style:min-row-height="0.667cm"/></style:style><style:style style:name="Таблица46.A1" style:family="table-cell"><style:table-cell-properties fo:padding-left="0.018cm" fo:padding-right="0.018cm" fo:padding-top="0cm" fo:padding-bottom="0cm" fo:border="none"/></style:style><style:style style:name="Таблица46.B1" style:family="table-cell"><style:table-cell-properties style:border-line-width="0.018cm 0.018cm 0.018cm" fo:padding-left="0.191cm" fo:padding-right="0.191cm" fo:padding-top="0cm" fo:padding-bottom="0cm" fo:border="1.5pt double #000000"/></style:style><style:style style:name="Таблица46.2" style:family="table-row"><style:table-row-properties style:min-row-height="0.603cm"/></style:style><style:style style:name="Таблица46.A2" style:family="table-cell"><style:table-cell-properties style:vertical-align="middle" style:border-line-width-left="0.018cm 0.018cm 0.018cm" style:border-line-width-right="0.018cm 0.018cm 0.018cm" style:border-line-width-top="0.018cm 0.018cm 0.018cm" fo:padding-left="0.191cm" fo:padding-right="0.191cm" fo:padding-top="0cm" fo:padding-bottom="0cm" fo:border-left="1.5pt double #000000" fo:border-right="1.5pt double #000000" fo:border-top="1.5pt double #000000" fo:border-bottom="0.5pt solid #000000"/></style:style><style:style style:name="Таблица46.3" style:family="table-row"><style:table-row-properties style:min-row-height="0.568cm"/></style:style><style:style style:name="Таблица46.A3" style:family="table-cell"><style:table-cell-properties style:vertical-align="middle" style:border-line-width-left="0.018cm 0.018cm 0.018cm" style:border-line-width-right="0.018cm 0.018cm 0.018cm" style:border-line-width-bottom="0.018cm 0.018cm 0.018cm" fo:padding-left="0.191cm" fo:padding-right="0.191cm" fo:padding-top="0cm" fo:padding-bottom="0cm" fo:border-left="1.5pt double #000000" fo:border-right="1.5pt double #000000" fo:border-top="0.5pt solid #000000" fo:border-bottom="1.5pt double #000000"/></style:style><style:style style:name="MP1" style:family="paragraph" style:parent-style-name="Обычный"><style:paragraph-properties fo:text-align="center" style:justify-single-word="false"/></style:style><style:style style:name="MP2" style:family="paragraph" style:parent-style-name="Standard"><style:paragraph-properties fo:text-align="center" style:justify-single-word="false"/><style:text-properties fo:font-weight="bold" style:font-weight-asian="bold" style:font-weight-complex="bold"/></style:style><style:style style:name="MP3" style:family="paragraph" style:parent-style-name="Header"><style:text-properties fo:font-size="1pt" style:font-size-asian="1pt" style:font-size-complex="1pt"/></style:style><style:style style:name="MP4" style:family="paragraph" style:parent-style-name="Обычный"><style:paragraph-properties fo:text-align="center" style:justify-single-word="false"/><style:text-properties fo:font-weight="bold" style:font-weight-asian="bold"/></style:style><style:style style:name="MP5" style:family="paragraph" style:parent-style-name="Обычный"><style:paragraph-properties fo:margin-left="0cm" fo:margin-right="-0.365cm" fo:text-indent="0cm" style:auto-text-indent="false"/></style:style><style:style style:name="MP6" style:family="paragraph" style:parent-style-name="Обычный"><style:text-properties officeooo:paragraph-rsid="018f5784"/></style:style><style:style style:name="MP7" style:family="paragraph" style:parent-style-name="Обычный"><style:paragraph-properties fo:text-align="center" style:justify-single-word="false"/><style:text-properties fo:font-weight="bold" officeooo:paragraph-rsid="018f5784" style:font-weight-asian="bold"/></style:style><style:style style:name="MP8" style:family="paragraph" style:parent-style-name="Обычный"><style:paragraph-properties fo:text-align="center" style:justify-single-word="false"><style:tab-stops><style:tab-stop style:position="4.83cm"/></style:tab-stops></style:paragraph-properties><style:text-properties fo:font-weight="bold" officeooo:paragraph-rsid="018f5784" style:font-weight-asian="bold"/></style:style><style:style style:name="MP9" style:family="paragraph" style:parent-style-name="Standard"><style:text-properties officeooo:paragraph-rsid="018f5784"/></style:style><style:style style:name="MP10" style:family="paragraph" style:parent-style-name="Header"><style:text-properties style:font-size-complex="1pt"/></style:style><style:style style:name="MT1" style:family="text"/><style:style style:name="MT2" style:family="text"><style:text-properties style:text-underline-style="solid" style:text-underline-width="auto" style:text-underline-color="font-color" style:text-underline-mode="continuous" style:text-overline-mode="continuous" style:text-line-through-mode="continuous"/></style:style><style:style style:name="MT3" style:family="text"><style:text-properties fo:font-weight="bold" style:font-weight-asian="bold"/></style:style><style:page-layout style:name="Mpm1"><style:page-layout-properties fo:page-width="21.001cm" fo:page-height="29.7cm" style:num-format="1" style:print-orientation="portrait" fo:margin-top="2cm" fo:margin-bottom="2cm" fo:margin-left="2cm" fo:margin-right="2cm" style:shadow="none" style:writing-mode="lr-tb" style:footnote-max-height="0cm"><style:columns fo:column-count="1" fo:column-gap="0cm"/><style:footnote-sep style:width="0.018cm" style:distance-before-sep="0.101cm" style:distance-after-sep="0.101cm" style:line-style="solid" style:adjustment="left" style:rel-width="25%" style:color="#000000"/></style:page-layout-properties><style:header-style/><style:footer-style/></style:page-layout><style:page-layout style:name="Mpm2"><style:page-layout-properties fo:page-width="21.001cm" fo:page-height="29.7cm" style:num-format="1" style:print-orientation="portrait" fo:margin-top="1cm" fo:margin-bottom="1cm" fo:margin-left="3cm" fo:margin-right="0.723cm" style:writing-mode="lr-tb" style:footnote-max-height="0cm"><style:footnote-sep style:width="0.018cm" style:line-style="solid" style:adjustment="left" style:rel-width="33%" style:color="#000000"/></style:page-layout-properties><style:header-style/><style:footer-style/></style:page-layout><style:page-layout style:name="Mpm3"><style:page-layout-properties fo:page-width="21.001cm" fo:page-height="29.7cm" style:num-format="1" style:print-orientation="portrait" fo:margin-top="1.27cm" fo:margin-bottom="1.27cm" fo:margin-left="3cm" fo:margin-right="1cm" style:writing-mode="lr-tb" style:footnote-max-height="0cm"><style:footnote-sep style:width="0.018cm" style:line-style="solid" style:adjustment="left" style:rel-width="33%" style:color="#000000"/></style:page-layout-properties><style:header-style><style:header-footer-properties svg:height="1.799cm" fo:margin-left="0cm" fo:margin-right="0cm" fo:margin-bottom="0cm" style:dynamic-spacing="true"/></style:header-style><style:footer-style><style:header-footer-properties fo:min-height="-0.27cm" fo:margin-left="0cm" fo:margin-right="0cm" fo:margin-top="0cm" style:dynamic-spacing="true"/></style:footer-style></style:page-layout><style:page-layout style:name="Mpm4"><style:page-layout-properties fo:page-width="21.001cm" fo:page-height="29.7cm" style:num-format="1" style:print-orientation="portrait" fo:margin-top="1.27cm" fo:margin-bottom="1.27cm" fo:margin-left="3cm" fo:margin-right="1cm" style:writing-mode="lr-tb" style:footnote-max-height="0cm"><style:footnote-sep style:width="0.018cm" style:line-style="solid" style:adjustment="left" style:rel-width="33%" style:color="#000000"/></style:page-layout-properties><style:header-style><style:header-footer-properties svg:height="2.101cm" fo:margin-left="0cm" fo:margin-right="0cm" fo:margin-bottom="0cm" style:dynamic-spacing="true"/></style:header-style><style:footer-style><style:header-footer-properties fo:min-height="-0.27cm" fo:margin-left="0cm" fo:margin-right="0cm" fo:margin-top="0cm" style:dynamic-spacing="true"/></style:footer-style></style:page-layout><style:page-layout style:name="Mpm5"><style:page-layout-properties fo:page-width="21.001cm" fo:page-height="29.7cm" style:num-format="1" style:print-orientation="portrait" fo:margin-top="1.27cm" fo:margin-bottom="1.27cm" fo:margin-left="3cm" fo:margin-right="1cm" style:writing-mode="lr-tb" style:footnote-max-height="0cm"><style:footnote-sep style:width="0.018cm" style:line-style="solid" style:adjustment="left" style:rel-width="33%" style:color="#000000"/></style:page-layout-properties><style:header-style><style:header-footer-properties svg:height="1.81cm" fo:margin-left="0cm" fo:margin-right="0cm" fo:margin-bottom="0cm" style:dynamic-spacing="true"/></style:header-style><style:footer-style><style:header-footer-properties fo:min-height="-0.27cm" fo:margin-left="0cm" fo:margin-right="0cm" fo:margin-top="0cm" style:dynamic-spacing="true"/></style:footer-style></style:page-layout><style:page-layout style:name="Mpm6"><style:page-layout-properties fo:page-width="21.001cm" fo:page-height="29.7cm" style:num-format="1" style:print-orientation="portrait" fo:margin-top="0cm" fo:margin-bottom="0cm" fo:margin-left="0cm" fo:margin-right="0cm" style:writing-mode="lr-tb" style:footnote-max-height="0cm"><style:footnote-sep style:width="0.018cm" style:line-style="solid" style:adjustment="left" style:rel-width="33%" style:color="#000000"/></style:page-layout-properties><style:header-style/><style:footer-style/></style:page-layout><style:page-layout style:name="Mpm7"><style:page-layout-properties fo:page-width="21.001cm" fo:page-height="29.7cm" style:num-format="1" style:print-orientation="portrait" fo:margin-top="0cm" fo:margin-bottom="0cm" fo:margin-left="0cm" fo:margin-right="0cm" style:writing-mode="lr-tb" style:footnote-max-height="0cm"><style:footnote-sep style:width="0.018cm" style:line-style="solid" style:adjustment="left" style:rel-width="33%" style:color="#000000"/></style:page-layout-properties><style:header-style><style:header-footer-properties fo:min-height="-0.27cm" fo:margin-left="0cm" fo:margin-right="0cm" fo:margin-bottom="0cm" style:dynamic-spacing="true"/></style:header-style><style:footer-style/></style:page-layout><style:page-layout style:name="Mpm8"><style:page-layout-properties fo:page-width="21.001cm" fo:page-height="29.7cm" style:num-format="1" style:print-orientation="portrait" fo:margin-top="1.27cm" fo:margin-bottom="1.27cm" fo:margin-left="3cm" fo:margin-right="1cm" style:writing-mode="lr-tb" style:footnote-max-height="0cm"><style:footnote-sep style:width="0.018cm" style:line-style="solid" style:adjustment="left" style:rel-width="33%" style:color="#000000"/></style:page-layout-properties><style:header-style><style:header-footer-properties fo:min-height="-0.27cm" fo:margin-left="0cm" fo:margin-right="0cm" fo:margin-bottom="0cm" style:dynamic-spacing="true"/></style:header-style><style:footer-style><style:header-footer-properties fo:min-height="-0.27cm" fo:margin-left="0cm" fo:margin-right="0cm" fo:margin-top="0cm" style:dynamic-spacing="true"/></style:footer-style></style:page-layout><style:page-layout style:name="Mpm9"><style:page-layout-properties fo:page-width="21.001cm" fo:page-height="29.7cm" style:num-format="1" style:print-orientation="portrait" fo:margin-top="0cm" fo:margin-bottom="0cm" fo:margin-left="0cm" fo:margin-right="0cm" style:writing-mode="lr-tb" style:footnote-max-height="0cm"><style:footnote-sep style:width="0.018cm" style:line-style="solid" style:adjustment="left" style:rel-width="33%" style:color="#000000"/></style:page-layout-properties><style:header-style/><style:footer-style><style:header-footer-properties fo:min-height="-0.27cm" fo:margin-left="0cm" fo:margin-right="0cm" fo:margin-top="0cm" style:dynamic-spacing="true"/></style:footer-style></style:page-layout><style:page-layout style:name="Mpm10"><style:page-layout-properties fo:page-width="21.001cm" fo:page-height="29.7cm" style:num-format="1" style:print-orientation="portrait" fo:margin-top="1cm" fo:margin-bottom="1cm" fo:margin-left="2cm" fo:margin-right="1cm" style:writing-mode="lr-tb" style:footnote-max-height="0cm"><style:footnote-sep style:width="0.018cm" style:distance-before-sep="0.101cm" style:distance-after-sep="0.101cm" style:line-style="solid" style:adjustment="left" style:rel-width="25%" style:color="#000000"/></style:page-layout-properties><style:header-style/><style:footer-style/></style:page-layout></office:automatic-styles><office:master-styles><style:master-page style:name="Standard" style:page-layout-name="Mpm1"/><style:master-page style:name="MP0" style:page-layout-name="Mpm2"/><style:master-page style:name="MP2" style:page-layout-name="Mpm3"><style:header><table:table table:name="Таблица1" table:style-name="Таблица1"><table:table-column table:style-name="Таблица1.A"/><table:table-column table:style-name="Таблица1.B"/><table:table-row table:style-name="Таблица1.1"><table:table-cell table:style-name="Таблица1.A1" office:value-type="string"><text:p text:style-name="Обычный"><text:a xlink:type="simple" xlink:href="" text:style-name="Internet_20_link"/></text:p></table:table-cell><table:table-cell table:style-name="Таблица1.B1" office:value-type="string"><text:p text:style-name="Обычный"><text:a xlink:type="simple" xlink:href="" text:style-name="Internet_20_link">Лист №</text:a><text:a xlink:type="simple" xlink:href="" text:style-name="Internet_20_link"><text:span text:style-name="Основной_20_шрифт_20_абзаца"><text:span text:style-name="MT2"> </text:span></text:span></text:a><text:a xlink:type="simple" xlink:href="" text:style-name="Internet_20_link"><text:span text:style-name="Page_20_Number"><text:span text:style-name="MT2"><text:page-number text:select-page="current">3</text:page-number></text:span></text:span></text:a></text:p></table:table-cell></table:table-row><table:table-row table:style-name="Таблица1.2"><table:table-cell table:style-name="Таблица1.A2" table:number-columns-spanned="2" office:value-type="string"><text:p text:style-name="MP1"><text:a xlink:type="simple" xlink:href="" text:style-name="Internet_20_link"><text:span text:style-name="Основной_20_шрифт_20_абзаца"><text:span text:style-name="MT3">МЕЖЕВОЙ ПЛАН</text:span></text:span></text:a></text:p></table:table-cell><table:covered-table-cell/></table:table-row><table:table-row table:style-name="Таблица1.3"><table:table-cell table:style-name="Таблица1.A3" table:number-columns-spanned="2" office:value-type="string"><text:p text:style-name="MP2"><text:a xlink:type="simple" xlink:href="" text:style-name="Internet_20_link">Исходные данные</text:a></text:p></table:table-cell><table:covered-table-cell/></table:table-row></table:table><text:p text:style-name="MP3"/></style:header><style:footer><text:p text:style-name="Footer"/></style:footer></style:master-page><style:master-page style:name="MP3" style:page-layout-name="Mpm3"><style:header><table:table table:name="Таблица2" table:style-name="Таблица2"><table:table-column table:style-name="Таблица2.A"/><table:table-column table:style-name="Таблица2.B"/><table:table-row table:style-name="Таблица2.1"><table:table-cell table:style-name="Таблица2.A1" office:value-type="string"><text:p text:style-name="Обычный"/></table:table-cell><table:table-cell table:style-name="Таблица2.B1" office:value-type="string"><text:p text:style-name="MP1">Лист № <text:span text:style-name="Page_20_Number"><text:span text:style-name="MT2"><text:page-number text:select-page="current">5</text:page-number></text:span></text:span></text:p></table:table-cell></table:table-row><table:table-row table:style-name="Таблица2.2"><table:table-cell table:style-name="Таблица2.A2" table:number-columns-spanned="2" office:value-type="string"><text:p text:style-name="MP1"><text:span text:style-name="Основной_20_шрифт_20_абзаца"><text:span text:style-name="MT3">МЕЖЕВОЙ ПЛАН</text:span></text:span></text:p></table:table-cell><table:covered-table-cell/></table:table-row><table:table-row table:style-name="Таблица2.3"><table:table-cell table:style-name="Таблица2.A3" table:number-columns-spanned="2" office:value-type="string"><text:p text:style-name="MP1"><text:span text:style-name="Основной_20_шрифт_20_абзаца"><text:span text:style-name="MT3">Сведения о выполненных измерениях и расчетах</text:span></text:span></text:p></table:table-cell><table:covered-table-cell/></table:table-row></table:table><text:p text:style-name="MP3"/></style:header><style:footer><text:p text:style-name="Footer"/></style:footer></style:master-page><style:master-page style:name="MP4" style:page-layout-name="Mpm3"><style:header><table:table table:name="Таблица3" table:style-name="Таблица3"><table:table-column table:style-name="Таблица3.A"/><table:table-column table:style-name="Таблица3.B"/><table:table-row table:style-name="Таблица3.1"><table:table-cell table:style-name="Таблица3.A1" office:value-type="string"><text:p text:style-name="Обычный"/></table:table-cell><table:table-cell table:style-name="Таблица3.B1" office:value-type="string"><text:p text:style-name="Обычный">Лист №<text:span text:style-name="Основной_20_шрифт_20_абзаца"><text:span text:style-name="MT2"> </text:span></text:span><text:span text:style-name="Page_20_Number"><text:span text:style-name="MT2"><text:page-number text:select-page="current">8</text:page-number></text:span></text:span></text:p></table:table-cell></table:table-row><table:table-row table:style-name="Таблица3.2"><table:table-cell table:style-name="Таблица3.A2" table:number-columns-spanned="2" office:value-type="string"><text:p text:style-name="MP4">МЕЖЕВОЙ ПЛАН</text:p></table:table-cell><table:covered-table-cell/></table:table-row><table:table-row table:style-name="Таблица3.3"><table:table-cell table:style-name="Таблица3.A3" table:number-columns-spanned="2" office:value-type="string"><text:p text:style-name="MP4">Сведения об образуемых земельных участках и их частях</text:p></table:table-cell><table:covered-table-cell/></table:table-row></table:table><text:p text:style-name="MP3"/></style:header><style:footer><text:p text:style-name="Footer"/></style:footer></style:master-page><style:master-page style:name="MP5" style:page-layout-name="Mpm4"><style:header><table:table table:name="Таблица4" table:style-name="Таблица4"><table:table-column table:style-name="Таблица4.A"/><table:table-column table:style-name="Таблица4.B"/><table:table-row table:style-name="Таблица4.1"><table:table-cell table:style-name="Таблица4.A1" office:value-type="string"><text:p text:style-name="Обычный"/></table:table-cell><table:table-cell table:style-name="Таблица4.B1" office:value-type="string"><text:p text:style-name="Обычный">Лист №<text:span text:style-name="Основной_20_шрифт_20_абзаца"><text:span text:style-name="MT2"> </text:span></text:span><text:span text:style-name="Page_20_Number"><text:span text:style-name="MT2"><text:page-number text:select-page="current">10</text:page-number></text:span></text:span></text:p></table:table-cell></table:table-row><table:table-row table:style-name="Таблица4.2"><table:table-cell table:style-name="Таблица4.A2" table:number-columns-spanned="2" office:value-type="string"><text:p text:style-name="MP4">МЕЖЕВОЙ ПЛАН</text:p></table:table-cell><table:covered-table-cell/></table:table-row><table:table-row table:style-name="Таблица4.3"><table:table-cell table:style-name="Таблица4.A3" table:number-columns-spanned="2" office:value-type="string"><text:p text:style-name="MP4">Сведения о земельных участках, посредством которых обеспечивается доступ к образуемым или измененным земельным участкам</text:p></table:table-cell><table:covered-table-cell/></table:table-row></table:table><text:p text:style-name="MP3"/></style:header><style:footer><text:p text:style-name="Footer"/></style:footer></style:master-page><style:master-page style:name="MP6" style:page-layout-name="Mpm3"><style:header><table:table table:name="Таблица5" table:style-name="Таблица5"><table:table-column table:style-name="Таблица5.A"/><table:table-column table:style-name="Таблица5.B"/><table:table-row table:style-name="Таблица5.1"><table:table-cell table:style-name="Таблица5.A1" office:value-type="string"><text:p text:style-name="Обычный"/></table:table-cell><table:table-cell table:style-name="Таблица5.B1" office:value-type="string"><text:p text:style-name="Обычный">Лист №<text:span text:style-name="Основной_20_шрифт_20_абзаца"><text:span text:style-name="MT2"> </text:span></text:span><text:span text:style-name="Page_20_Number"><text:span text:style-name="MT2"><text:page-number text:select-page="current">9</text:page-number></text:span></text:span></text:p></table:table-cell></table:table-row><table:table-row table:style-name="Таблица5.2"><table:table-cell table:style-name="Таблица5.A2" table:number-columns-spanned="2" office:value-type="string"><text:p text:style-name="MP4">МЕЖЕВОЙ ПЛАН</text:p></table:table-cell><table:covered-table-cell/></table:table-row><table:table-row table:style-name="Таблица5.3"><table:table-cell table:style-name="Таблица5.A3" table:number-columns-spanned="2" office:value-type="string"><text:p text:style-name="MP4">Сведения об измененных земельных участках</text:p></table:table-cell><table:covered-table-cell/></table:table-row></table:table><text:p text:style-name="MP3"/></style:header><style:footer><text:p text:style-name="Footer"/></style:footer></style:master-page><style:master-page style:name="MP7" style:page-layout-name="Mpm3"><style:header><table:table table:name="Таблица6" table:style-name="Таблица6"><table:table-column table:style-name="Таблица6.A"/><table:table-column table:style-name="Таблица6.B"/><table:table-row table:style-name="Таблица6.1"><table:table-cell table:style-name="Таблица6.A1" office:value-type="string"><text:p text:style-name="MP5"/></table:table-cell><table:table-cell table:style-name="Таблица6.B1" office:value-type="string"><text:p text:style-name="MP5">Лист №<text:span text:style-name="Основной_20_шрифт_20_абзаца"><text:span text:style-name="MT2"> </text:span></text:span><text:span text:style-name="Page_20_Number"><text:span text:style-name="MT2"><text:page-number text:select-page="current">13</text:page-number></text:span></text:span></text:p></table:table-cell></table:table-row><table:table-row table:style-name="Таблица6.2"><table:table-cell table:style-name="Таблица6.A2" table:number-columns-spanned="2" office:value-type="string"><text:p text:style-name="MP4">МЕЖЕВОЙ ПЛАН</text:p></table:table-cell><table:covered-table-cell/></table:table-row><table:table-row table:style-name="Таблица6.3"><table:table-cell table:style-name="Таблица6.A3" table:number-columns-spanned="2" office:value-type="string"><text:p text:style-name="MP4">Сведения об уточняемых земельных участках и их частях</text:p></table:table-cell><table:covered-table-cell/></table:table-row></table:table><text:p text:style-name="MP3"/></style:header><style:footer><text:p text:style-name="Footer"/></style:footer></style:master-page><style:master-page style:name="MP8" style:page-layout-name="Mpm3"><style:header><table:table table:name="Таблица7" table:style-name="Таблица7"><table:table-column table:style-name="Таблица7.A"/><table:table-column table:style-name="Таблица7.B"/><table:table-row table:style-name="Таблица7.1"><table:table-cell table:style-name="Таблица7.A1" office:value-type="string"><text:p text:style-name="Обычный"><text:s/></text:p></table:table-cell><table:table-cell table:style-name="Таблица7.B1" office:value-type="string"><text:p text:style-name="Обычный">Лист №<text:span text:style-name="Основной_20_шрифт_20_абзаца"><text:span text:style-name="MT2"> </text:span></text:span><text:span text:style-name="Page_20_Number"><text:span text:style-name="MT2"><text:page-number text:select-page="current">14</text:page-number></text:span></text:span></text:p></table:table-cell></table:table-row><table:table-row table:style-name="Таблица7.2"><table:table-cell table:style-name="Таблица7.A2" table:number-columns-spanned="2" office:value-type="string"><text:p text:style-name="MP4">МЕЖЕВОЙ ПЛАН</text:p></table:table-cell><table:covered-table-cell/></table:table-row><table:table-row table:style-name="Таблица7.3"><table:table-cell table:style-name="Таблица7.A3" table:number-columns-spanned="2" office:value-type="string"><text:p text:style-name="MP4">Сведения об образуемых частях земельного участка</text:p></table:table-cell><table:covered-table-cell/></table:table-row></table:table><text:p text:style-name="MP3"/></style:header><style:footer><text:p text:style-name="Footer"/></style:footer></style:master-page><style:master-page style:name="MP9" style:page-layout-name="Mpm5"><style:header><table:table table:name="Таблица46" table:style-name="Таблица46"><table:table-column table:style-name="Таблица46.A"/><table:table-column table:style-name="Таблица46.B"/><table:table-row table:style-name="Таблица46.1"><table:table-cell table:style-name="Таблица46.A1" office:value-type="string"><text:p text:style-name="MP6"><text:s/></text:p></table:table-cell><table:table-cell table:style-name="Таблица46.B1" office:value-type="string"><text:p text:style-name="MP6">Лист №<text:span text:style-name="Основной_20_шрифт_20_абзаца"><text:span text:style-name="MT2"> </text:span></text:span><text:span text:style-name="Page_20_Number"><text:span text:style-name="MT2"><text:page-number text:select-page="current">15</text:page-number></text:span></text:span></text:p></table:table-cell></table:table-row><table:table-row table:style-name="Таблица46.2"><table:table-cell table:style-name="Таблица46.A2" table:number-columns-spanned="2" office:value-type="string"><text:p text:style-name="MP7">МЕЖЕВОЙ ПЛАН</text:p></table:table-cell><table:covered-table-cell/></table:table-row><table:table-row table:style-name="Таблица46.3"><table:table-cell table:style-name="Таблица46.A3" table:number-columns-spanned="2" office:value-type="string"><text:p text:style-name="MP8">Заключение кадастрового инженера</text:p></table:table-cell><table:covered-table-cell/></table:table-row></table:table><text:p text:style-name="MP9"/></style:header><style:footer><text:p text:style-name="Footer"/></style:footer></style:master-page><style:master-page style:name="MP10" style:page-layout-name="Mpm6" style:next-style-name="MP11"/><style:master-page style:name="MP11" style:page-layout-name="Mpm7"><style:header><text:p text:style-name="MP10"/></style:header></style:master-page><style:master-page style:name="MP12" style:page-layout-name="Mpm8"><style:header><text:p text:style-name="MP10"/></style:header><style:footer><text:p text:style-name="Footer"/></style:footer></style:master-page><style:master-page style:name="MP13" style:page-layout-name="Mpm9"><style:footer><text:p text:style-name="Footer"/></style:footer></style:master-page><style:master-page style:name="MP14" style:page-layout-name="Mpm8"><style:header><text:p text:style-name="MP10"/></style:header><style:footer><text:p text:style-name="Footer"/></style:footer></style:master-page><style:master-page style:name="HTML" style:page-layout-name="Mpm10"/></office:master-styles></office:document-styles>